{"data": [[{"price": "$25,693.7", "open_interest_i": "$26,780.0", "open_interest_s": "$25,518.5", "funding_i": "+0.001250%", "funding_s": "+0.001250%", "network": "APEX", "rollover": "-"}, {"price": "$1,772.93", "open_interest_i": "$1,855.00", "open_interest_s": "$1,760.00", "funding_i": "+0.001250%", "funding_s": "+0.001250%", "network": "APEX", "rollover": "-"}, {"price": "$11.260", "open_interest_i": "$14.250", "open_interest_s": "$9.640", "funding_i": "+0.001250%", "funding_s": "+0.001250%", "network": "APEX", "rollover": "-"}]]}