{"data": [[{"price": "$25,712.6", "open_interest_i": "$26,173.5", "open_interest_s": "$25,400.0", "funding_i": "+0.004948%", "funding_s": "+0.004948%", "network": "APEX", "rollover": "-"}, {"price": "$1,750.57", "open_interest_i": "$1,796.05", "open_interest_s": "$1,715.00", "funding_i": "+0.001250%", "funding_s": "+0.001250%", "network": "APEX", "rollover": "-"}, {"price": "$11.580", "open_interest_i": "$11.820", "open_interest_s": "$10.555", "funding_i": "+0.000307%", "funding_s": "+0.000307%", "network": "APEX", "rollover": "-"}]]}