{
  "gains.trade": {
    "pairs": {
      "pair_list": ["EUR/USD", "BTC/USD"],
      "by": "xpath",
      "paths": [
        "//button[contains(@class,'PairDropdownToggle_toggleButton__pZmUO')]",
        "//button[@class='PairSelectionDropdownRow_container__xYYXo']/span[contains(text(), '{pair}')]"
      ]
    },
    "additional_action": {
      "by": "xpath",
      "path": ["//*[contains(text(), 'Continue')]"]
    },
    "network": {
      "by": "xpath",
      "paths": [
        "//button[contains(@class, 'no-select')]",
        "//button[contains(@class, 'NetworkDropdown_networkOption__Jv1Sl')]/span[contains(text(), '{network}')]"
      ],
      "network_list": ["Arbitrum", "Polygon"]
    },
    "data_path": {
      "price": {
        "by": "xpath",
        "path": "//*[@id='chart-panel']/div[1]/div[2]/div[2]/span[1]"
      },
      "network": {
        "by": "xpath",
        "path": "//*[@id='header']/div/nav/div[2]/div[1]/button/span"
      },
      "open_interest_i": {
        "by": "xpath",
        "path": "//*[@id='chart-panel']/div[1]/div[2]/div[3]/div/div[1]/span[2]"
      },
      "open_interest_s": {
        "by": "xpath",
        "path": "//*[@id='chart-panel']/div[1]/div[2]/div[3]/div/div[2]/span[2]"
      },
      "funding_i": {
        "by": "xpath",
        "path": "//*[@id='chart-panel']/div[1]/div[2]/div[3]/div/div[3]/span[2]"
      },
      "funding_s": {
        "by": "xpath",
        "path": "//*[@id='chart-panel']/div[1]/div[2]/div[3]/div/div[4]/span[2]"
      },
      "rollover": {
        "by": "xpath",
        "path": "//*[@id='chart-panel']/div[1]/div[2]/div[3]/div/div[5]/span[2]"
      }
    },
    "url": "https://gains.trade/trading"
  },
  "apollox.finance": {
    "pairs": {
      "pair_list": ["BTCUSD", "ETHUSD", "BNBUSD"],
      "by": "xpath",
      "paths": [
        "//*[@id='__APP']/div/main/div[1]/div/div[1]/div[1]/div/div[1]/div",
        "//a[contains(@class,'content')]//div[contains(text(),'{pair}')]"
      ]
    },
    "network": {
      "by": "xpath",
      "paths": [],
      "network_list": ["BNB Chain"]
    },
    "data_path": {
      "price": {
        "by": "xpath",
        "path": "//*[@id='__APP']/div/main/div[1]/div/div[1]/div[2]/div[1]"
      },
      "network": {
        "by": "xpath",
        "path": "//*[@id='networkDropdownMenuButton']"
      },
      "open_interest_i": {
        "by": "xpath",
        "path": "//*[@id='__APP']/div/main/div[1]/div/div[2]/div[2]/div[2]"
      },
      "open_interest_s": {
        "by": "xpath",
        "path": "//*[@id='__APP']/div/main/div[1]/div/div[2]/div[3]/div[2]"
      },
      "funding_i": {
        "by": "xpath",
        "path": "//*[@id='__APP']/div/main/div[1]/div/div[2]/div[1]/div/div[2]/div"
      },
      "funding_s": {
        "by": "xpath",
        "path": "//*[@id='__APP']/div/main/div[1]/div/div[2]/div[1]/div/div[2]/div"
      },
      "rollover": {
        "by": "xpath",
        "path": "//*[@id='__APP']/div/main/div[1]/div/div[1]/div[2]/div[2]"
      }
    },
    "url": "https://www.apollox.finance/en/futures/v2/"
  },
  "kwenta.io": {
    "pairs": {
      "pair_list": ["BTC", "ETH", "BNB"],
      "by": "xpath",
      "paths": [
        "//div[@class='currency-meta']",
        "//div[contains(@class, 'table-body-row')]//p[contains(text(), '{pair}')]"
      ]
    },
    "network": {
      "by": "xpath",
      "paths": [],
      "network_list": ["BNB Chain"]
    },
    "data_path": {
      "price": {
        "by": "xpath",
        "path": "//*[@id='__next']/div/div[1]/div[1]/div/main/div[1]/section/div[1]/div[2]/div[2]/div[1]/div/div/span"
      },
      "network": {
        "by": "xpath",
        "path": ""
      },
      "open_interest_i": {
        "by": "xpath",
        "path": "//*[@id='__next']/div/div[1]/div[1]/div/main/div[1]/section/div[1]/div[2]/div[4]/div[1]/div/div/span"
      },
      "open_interest_s": {
        "by": "xpath",
        "path": "//*[@id='__next']/div/div[1]/div[1]/div/main/div[1]/section/div[1]/div[2]/div[5]/div[1]/div[1]/div/span"
      },
      "funding_i": {
        "by": "xpath",
        "path": "//*[@id='__next']/div/div[1]/div[1]/div/main/div[1]/section/div[1]/div[2]/div[7]/div[1]/div[1]/div/span"
      },
      "funding_s": {
        "by": "xpath",
        "path": "//*[@id='__next']/div/div[1]/div[1]/div/main/div[1]/section/div[1]/div[2]/div[7]/div[1]/div[1]/div/span"
      },
      "rollover": {
        "by": "xpath",
        "path": ""
      }
    },
    "url": "https://kwenta.io/market/?asset=sBTC&accountType=cross_margin"
  }
}
