{
  "kwenta.io": {
    "pairs": {
      "pair_list": [
        "XAU",
        "ETH",
        "BNB",
        "BCH",
        "LTC",
        "AAVE",
        "GMX",
        "XAG",
        "SOL",
        "AVAX",
        "ATOM",
        "APT",
        "INJ",
        "AXS",
        "LINK",
        "DOT",
        "UNI",
        "FIL",
        "APE",
        "LDO",
        "DYDX",
        "NEAR",
        "OP",
        "GBP",
        "ARB",
        "EUR",
        "MATIC",
        "SUI",
        "CRV",
        "AUD",
        "FLOW",
        "XRP",
        "BLUR",
        "ADA",
        "FTM",
        "TRX",
        "DOGE",
        "FLOKI",
        "SHIB",
        "PEPE"
      ],
      "by": "xpath",
      "paths": [
        ["//div[@class='currency-meta']", "click"],
        ["//input[contains(@placeholder,'Search')]", "search"],
        [
          "//div[contains(@class, 'table-body-row')]//p[contains(text(), '{pair}')]",
          "click"
        ]
      ],
      "clear": {
        "path": "//input[contains(@placeholder,'Search')]",
        "action": "clear"
      }
    },
    "network": {
      "by": "xpath",
      "paths": [],
      "network_list": ["BNB Chain"]
    },
    "data_path": {
      "price": {
        "by": "xpath",
        "path": "//*[@id='__next']/div/div[1]/div[1]/div/main/div[1]/section/div/div[2]/div[1]/div[1]/div[1]/div/div/div/span"
      },
      "network": {
        "by": "xpath",
        "path": ""
      },
      "open_interest_i": {
        "by": "xpath",
        "path": "//*[@id='__next']/div/div[1]/div[1]/div/main/div[1]/section/div/div[2]/div[1]/div[1]/div[4]/div/div/div/span"
      },
      "open_interest_s": {
        "by": "xpath",
        "path": "//*[@id='__next']/div/div[1]/div[1]/div/main/div[1]/section/div/div[2]/div[1]/div[1]/div[5]/div/div/div/span"
      },
      "funding_i": {
        "by": "xpath",
        "path": "//*[@id='__next']/div/div[1]/div[1]/div/main/div[1]/section/div/div[2]/div[1]/div[1]/div[7]/div[1]/div/div/span"
      },
      "funding_s": {
        "by": "xpath",
        "path": "//*[@id='__next']/div/div[1]/div[1]/div/main/div[1]/section/div/div[2]/div[1]/div[1]/div[7]/div[1]/div/div/span"
      },
      "rollover": {
        "by": "xpath",
        "path": ""
      }
    },
    "url": "https://kwenta.io/market/?asset=sBTC&accountType=cross_margin"
  }
}
